{"cameraMode":{"drawMode":0,"name":"Shaded","section":"Shading Mode"},"sceneLighting":true,"audioPlay":false,"sceneViewState":{"showFog":true,"showMaterialUpdate":false,"showSkybox":true,"showFlares":true,"showImageEffects":true,"showParticleSystems":true},"in2DMode":false,"pivot":{"x":-0.6696891784667969,"y":-0.0904383659362793,"z":-3.0662479400634767},"rotation":{"x":-0.0564013235270977,"y":0.9406050443649292,"z":-0.1948940008878708,"w":-0.27220627665519717},"size":10.0,"orthographic":false}