{"cameraMode":{"drawMode":0,"name":"Shaded","section":"Shading Mode"},"sceneLighting":true,"audioPlay":false,"sceneViewState":{"showFog":true,"showMaterialUpdate":false,"showSkybox":true,"showFlares":true,"showImageEffects":true,"showParticleSystems":true},"in2DMode":false,"pivot":{"x":118.83880615234375,"y":70.15137481689453,"z":562.4699096679688},"rotation":{"x":-0.00468315789476037,"y":0.5498436093330383,"z":0.0032338385935872795,"w":0.8351640701293945},"size":0.8660253882408142,"orthographic":false}