{"cameraMode":{"drawMode":0,"name":"Shaded","section":"Shading Mode"},"sceneLighting":true,"audioPlay":false,"sceneViewState":{"showFog":true,"showMaterialUpdate":false,"showSkybox":true,"showFlares":true,"showImageEffects":true,"showParticleSystems":true},"in2DMode":false,"pivot":{"x":27.595394134521486,"y":11.075275421142579,"z":25.80889892578125},"rotation":{"x":-0.05026661604642868,"y":0.41123366355895998,"z":0.022719092667102815,"w":0.909859299659729},"size":10.0,"orthographic":false}