{"cameraMode":{"drawMode":0,"name":"Shaded","section":"Shading Mode"},"sceneLighting":true,"audioPlay":false,"sceneViewState":{"showFog":true,"showMaterialUpdate":false,"showSkybox":true,"showFlares":true,"showImageEffects":true,"showParticleSystems":true},"in2DMode":false,"pivot":{"x":217.05552673339845,"y":20.497833251953126,"z":282.3310852050781},"rotation":{"x":0.12490731477737427,"y":0.5686915516853333,"z":-0.0878719687461853,"w":0.8083198070526123},"size":1.5170783996582032,"orthographic":false}